Workbook
Name a: '[1]Select list'!#REF!
Name a: '[1]Select list'!#REF!
Name a: '[1]Select list'!#REF!
Name a: '[1]Select list'!#REF!
Name Action: [2]Configuration!$F$3:$F$6
Name Classifcation: '[1]Select list'!#REF!
Name Classifcation: '[1]Select list'!#REF!
Name Classifcation: '[1]Select list'!#REF!
Name Classifcation: '[1]Select list'!#REF!
Name DAO種別: '[3]not available'!#REF!
Name DAO種別: '[3]not available'!#REF!
Name DAO種別: '[3]not available'!#REF!
Name DAO種別: '[3]not available'!#REF!
Name NotNull: #REF!
Name NotNull: #REF!
Name NotNull: #REF!
Name NotNull: #REF!
Name データ型: #REF!
Name データ型: #REF!
Name データ型: #REF!
Name データ型: #REF!
Name 属性: #REF!
Name 属性: #REF!
Name 属性: #REF!
Name 属性: #REF!
Name 応答: '[3]not available'!#REF!
Name 応答: '[3]not available'!#REF!
Name 応答: '[3]not available'!#REF!
Name 応答: '[3]not available'!#REF!
Name 有無: #REF!
Name 有無: #REF!
Name 有無: #REF!
Name 有無: #REF!
Name 登録項目: #REF!
Name 登録項目: #REF!
Name 登録項目: #REF!
Name 登録項目: #REF!
Name 編集元種別: #REF!
Name 編集元種別: #REF!
Name 編集元種別: #REF!
Name 編集元種別: #REF!
Name 編集先種別: #REF!
Name 編集先種別: #REF!
Name 編集先種別: #REF!
Name 編集先種別: #REF!
Name 要求: '[3]not available'!#REF!
Name 要求: '[3]not available'!#REF!
Name 要求: '[3]not available'!#REF!
Name 要求: '[3]not available'!#REF!

Sheet Cover
F6: System URL Information
F10: Ver 1.0
J17: Project ID | P17: DAT2019-10-3-2-1
J18: Project Name | P18: Aeon Projects
F27: Created Date | K27: Created By | T27: Updated Date | Y27: Updated By | AH27: Approved Date | AM27: Approved By
F28: 43816 | K28: Thiha Htet Zaw | T28: yyyy/MM/dd | AH28: 43817 | AM28: Pwint Wai Hlaing

Sheet Specification History
B2: Specification History
B5: No. | D5: Version | H5: Effected Date | M5: Person In-Charge | V5: Action | Z5: Effected Sheets | AM5: Description
B6: 1 | D6: 1.0 | H6: 17/12/2019 | M6: Thiha Htet Zaw | V6: Create | Z6: All | BD6: Creator has to fill all contents of specification history sheet at the first time.
B7: 2 | D7: 1.0 | H7: 18/12/2019 | M7: Pwint Wai Hlaing | V7: Approve | Z7: All | BD7: Updater has to fill update date, updated information and select Update action
B8: 3 | D8: 1.0 | H8: 25/03/2020 | M8: Htet Wai Yan Kyaw | V8: Update | Z8: All | BD8: Reviewer has to fill reviewed date, description and select Review action
BD9: Approver has to fill approve date PIC name and select Approve action

Sheet Server username-password
B2: Phase | H2: =Cover!F6 -> System URL Information | X2: Project ID | AC2: =Cover!P17 -> DAT2019-10-3-2-1 | AS2: Project ID | AX2: =Cover!AK17 -> 0
B3: Version | H3: =Cover!F10 -> Ver 1.0 | X3: Project Name | AC3: =Cover!P18 -> Aeon Projects | AS3: Project Name | AX3: =Cover!AK18 -> 0
B5: =MID(CELL("filename",A1),FIND("]",CELL("filename",A1))+1,255) -> Server username-password
C7: No | E7: IP Address | U7: Port | Z7: Username | AF7: Password | AL7: Server Type
C9: 1 | E9: 10.1.9.69 | U9: 22 | Z9: root | AF9: 123@dat | AL9: development server (VCS)
C10: 2 | E10: 10.1.9.68 | U10: 22 | Z10: root | AF10: Aeon-123 | AL10: development server (VCS)
C11: 3 | E11: 10.1.9.70 | U11: 22 | Z11: root | AF11: 123@dat | AL11: development server (ASS)
C12: 4 | E12: 172.17.112.57 | U12: 22 | Z12: root | AF12: Acsmm-123 | AL12: production server (VCS)
C13: 5 | E13: 172.16.112.35 | U13: 22 | Z13: console | AF13: Aeon-123 | AL13: production server (ASS)
C14: 6 | E14: 172.17.101.60 | U14: 22 | Z14: root | AF14: Acsmm-123 | AL14: production server (VCS DB)
C15: 7 | E15: 172.16.112.57 | U15: 22 | Z15: root | AF15: Acsmm-123 | AL15: uat server (VCS)

Sheet DEV System URL Info
B2: Phase | H2: =Cover!F6 -> System URL Information | X2: Project ID | AC2: =Cover!P17 -> DAT2019-10-3-2-1 | AS2: Project ID | AX2: =Cover!AK17 -> 0
B3: Version | H3: =Cover!F10 -> Ver 1.0 | X3: Project Name | AC3: =Cover!P18 -> Aeon Projects | AS3: Project Name | AX3: =Cover!AK18 -> 0
B5: =MID(CELL("filename",A1),FIND("]",CELL("filename",A1))+1,255) -> DEV System URL Info
C7: No | E7: System | U7: URL | AP7: URL | BK7: Service Name | BS7: Login ID | BY7: Password
C9: 1 | E9: Virtual Card System (Web - Admin) | U9: http://10.1.9.69:8082/VCS | AP9: https://ass.aeoncredit.com.mm/VCS | BK9: jboss-as-standalone | BS9: Admin | BY9: AdminAdmin
C10: 2 | E10: Virtual Card System (Web service) | U10: http://10.1.9.69:8081/vcsm | AP10: https://ass.aeoncredit.com.mm/vcsm | BK10: vcsm
C11: 3 | E11: Virtual Card System (Web service) | U11: http://10.1.9.69:8083/vcsm2 | AP11: https://ass.aeoncredit.com.mm/vcsm2 | BK11: vcsm2
C12: 4 | E12: Virtual Card System (Messaging Chat Server) | U12: wss://10.1.9.69:8084/vcschat/ | AP12: https://ass.aeoncredit.com.mm/vcschat | BK12: chatserver
C13: 5 | E13: Virtual Card System (Agent Channel Chat Server) | U13: wss://10.1.9.69:8085/vcsplchat/ | AP13: https://ass.aeoncredit.com.mm/vcsplchat/ | BK13: plchatserver
C14: 6 | E14: Virtual Card System (Free Messaging Chat Server) | U14: wss://10.1.9.69:8086/free-chat-server/ | AP14: https://ass.aeoncredit.com.mm/free-chat-server/ | BK14: free-chat-server
C15: 7 | E15: Agent Telemarketing System (Web - Admin) | U15: http://10.1.9.69:8082/ATS | AP15: https://ass.aeoncredit.com.mm/ATS | BK15: jboss-as-standalone | BS15: admin | BY15: adminadmin
C16: 8 | E16: Agent Telemarketing Client System (Web - Clent) | U16: http://10.1.9.69:8082/ATCS | AP16: https://ass.aeoncredit.com.mm/ATCS | BK16: jboss-as-standalone | BS16: 002 | BY16: vcs-api-client
C17: 9 | E17: Digital Application System (Web - Client) | U17: http://10.1.9.68:8083/AeonWebApp | AP17: https://ass.aeoncredit.com.mm/AeonWebApp | BK17: daso | BS17: 09872505555 | BY17: 123456
C18: 10 | E18: Digital Application System (Webservice) | U18: http://10.1.9.68:8083/daso/ | AP18: https://ass.aeoncredit.com.mm/daso/
C19: 11 | E19: Digital Application System (Web - Admin) | U19: http://10.1.9.68:8082/DA | AP19: https://ass.aeoncredit.com.mm/DA | BK19: jboss-as-standalone | BS19: 09505143777 | BY19: 123456
C20: 12 | E20: Application Sending System (Web-Admin) | U20: http://10.1.9.70:8082/ASS | AP20: https://ass.aeoncredit.com.mm/ASS | BK20: ass | BS20: ADMIN | BY20: ADMINADMIN

Sheet VT(Production) System URL Info
B2: Phase | H2: =Cover!F6 -> System URL Information | X2: Project ID | AC2: =Cover!P17 -> DAT2019-10-3-2-1 | AS2: Project ID | AX2: =Cover!AK17 -> 0
B3: Version | H3: =Cover!F10 -> Ver 1.0 | X3: Project Name | AC3: =Cover!P18 -> Aeon Projects | AS3: Project Name | AX3: =Cover!AK18 -> 0
B5: =MID(CELL("filename",A1),FIND("]",CELL("filename",A1))+1,255) -> VT(Production) System URL Info
C7: No | E7: System | U7: IP URL | AP7: Domain URL | BK7: Service Name | BS7: Login ID | BY7: Password
C9: 1 | E9: Virtual Card System (Web - Admin) | U9: http://172.17.112.57:8082/VCS | AP9: https://amf.aeoncredit.com.mm/VCS | BK9: jboss-as-standalone | BS9: ADMIN | BY9: 123456789
C10: 2 | E10: Virtual Card System (Web service) | U10: - | AP10: - | BK10: vcsm
C11: 3 | E11: Virtual Card System (Web service) | U11: http://172.17.112.57:8083/vcsm2 | AP11: https://amf.aeoncredit.com.mm/vcsm2 | BK11: vcsm2
C12: 4 | E12: Virtual Card System (Messaging Chat Server) | U12: wss://172.17.112.57:8084/vcschat/ | AP12: https://amf.aeoncredit.com.mm/vcschat/ | BK12: chatserver
C13: 5 | E13: Virtual Card System (Agent Channel Chat Server) | U13: - | AP13: - | BK13: plchatserver
C14: 4 | E14: Virtual Card System (Messaging Chat Server) | U14: wss://172.17.112.57:8086/free-chat-server/ | AP14: https://amf.aeoncredit.com.mm/free-chat-server/ | BK14: chatserver
C15: 6 | E15: Agent Telemarketing System (Web - Admin) | BK15: jboss-as-standalone
C16: 7 | E16: Agent Telemarketing Client System (Web - Clent) | BK16: jboss-as-standalone
C17: 8 | E17: Digital Application System (Web - Client) | BK17: daso
C18: 9 | E18: Digital Application System (Webservice) | U18: 172.17.112.57:8087/daso | AP18: https://amf.aeoncredit.com.mm/daso
C19: 10 | E19: Digital Application System (Web - Admin) | BK19: jboss-as-standalone
C20: 11 | E20: Application Sending System (Web-Admin) | U20: http://172.16.112.35:8082/ASS | AP20: https://amf.aeoncredit.com.mm/ASS | BK20: ass | BS20: ADMIN | BY20: 123456789
C21: 12 | E21: VCS DB | U21: 172.17.101.60:45326 | BK21: vcs | BS21: vcs | BY21: vcs
C22: 13 | E22: ASS DB | U22: 172.16.112.35:5432 | BK22: ass | BS22: ass | BY22: ass-2018

Sheet UAT System URL Info
B2: Phase | H2: =Cover!F6 -> System URL Information | X2: Project ID | AC2: =Cover!P17 -> DAT2019-10-3-2-1 | AS2: Project ID | AX2: =Cover!AK17 -> 0
B3: Version | H3: =Cover!F10 -> Ver 1.0 | X3: Project Name | AC3: =Cover!P18 -> Aeon Projects | AS3: Project Name | AX3: =Cover!AK18 -> 0
B5: =MID(CELL("filename",A1),FIND("]",CELL("filename",A1))+1,255) -> UAT System URL Info
C7: No | E7: System | U7: IP URL | AP7: Domain URL | BK7: Service Name | BS7: Login ID | BY7: Password
C9: 1 | E9: Virtual Card System (Web - Admin) | U9: 172.16.112.57:8082/VCS-UAT | AP9: https://amf.aeoncredit.com.mm/VCS-UAT | BK9: jboss-as-standalone | BS9: ADMIN | BY9: 123456789
C10: 2 | E10: Virtual Card System (Web service) | AP10: - | BK10: vcsm
C11: 3 | E11: Virtual Card System (Web service) | U11: 172.16.112.57:8083/vcsm2-uat | AP11: https://amf.aeoncredit.com.mm/vcsm2-uat | BK11: vcsm2
C12: 4 | E12: Virtual Card System (Messaging Chat Server) | U12: 172.16.112.57:8084 | AP12: https://amf.aeoncredit.com.mm/vcschat-uat/ | BK12: chatserver
C13: 5 | E13: Virtual Card System (Agent Channel Chat Server) | AP13: - | BK13: plchatserver
C14: 4 | E14: Virtual Card System (Messaging Chat Server) | U14: 172.16.112.57:8086 | AP14: https://amf.aeoncredit.com.mm/free-chat-server-uat/ | BK14: chatserver
C15: 6 | E15: Agent Telemarketing System (Web - Admin) | BK15: jboss-as-standalone
C16: 7 | E16: Agent Telemarketing Client System (Web - Clent) | BK16: jboss-as-standalone
C17: 8 | E17: Digital Application System (Web - Client) | BK17: daso
C18: 9 | E18: Digital Application System (Webservice) | U18: 172.16.112.57:8087/daso-uat | AP18: https://amf.aeoncredit.com.mm/daso-uat/
C19: 10 | E19: Digital Application System (Web - Admin) | BK19: jboss-as-standalone
C20: 11 | E20: Application Sending System (Web-Admin) | BK20: ass
C21: 12 | E21: DB | U21: 172.16.112.57:5432 | BS21: vcs | BY21: vcs

Sheet Not Available

Sheet Template History
B2: Template History
B5: No. | D5: Version | H5: Effected Date | M5: Person In-Charge | V5: Action | Z5: Effected Sheets | AM5: Description
B6: 1 | D6: template ver 1.0 | H6: 43157 | M6: Tin Wint Wint Phyu | V6: Create | Z6: All sheets in template | AM6: Created standard template. | BD6: If you change or update template, you have to fill history in the content
B7: 2 | D7: template ver 1.0 | H7: 43172 | M7: Zin Mar Lwin | V7: Update | Z7: Cover Sheet and Specification History | AM7: Updated "how to fill cover sheet and spcification history".
B8: 3 | D8: template ver 1.0 | H8: 43172 | M8: Masayuki Goto | V8: Review | Z8: All sheets in template | AM8: Reivewed all sheets
B9: 4 | D9: template ver 1.0 | H9: 43172 | M9: Kalyar Soe | V9: Approve | Z9: All sheets in template | AM9: Approved all sheets
